{"cameraMode":{"drawMode":0,"name":"Shaded","section":"Shading Mode"},"sceneLighting":true,"audioPlay":false,"sceneViewState":{"showFog":true,"showMaterialUpdate":true,"showSkybox":true,"showFlares":true,"showImageEffects":true,"showParticleSystems":true},"in2DMode":false,"pivot":{"x":255.35919189453126,"y":103.55792236328125,"z":-492.6602478027344},"rotation":{"x":-0.20837576687335969,"y":-0.027870168909430505,"z":0.0059403320774436,"w":-0.9776336550712586},"size":22.0,"orthographic":false}